{"cameraMode":{"drawMode":0,"name":"Shaded","section":"Shading Mode"},"sceneLighting":false,"audioPlay":false,"sceneViewState":{"showFog":true,"showMaterialUpdate":false,"showSkybox":true,"showFlares":true,"showImageEffects":true,"showParticleSystems":true},"in2DMode":false,"pivot":{"x":-0.36612993478775027,"y":3.4964098930358888,"z":1.4839224815368653},"rotation":{"x":-0.2294434756040573,"y":0.21173161268234254,"z":-0.051211047917604449,"w":-0.9486321210861206},"size":16.57326316833496,"orthographic":false}