{"cameraMode":{"drawMode":0,"name":"Shaded","section":"Shading Mode"},"sceneLighting":false,"audioPlay":false,"sceneViewState":{"showFog":true,"showMaterialUpdate":false,"showSkybox":true,"showFlares":true,"showImageEffects":true,"showParticleSystems":true},"in2DMode":false,"pivot":{"x":1.619462490081787,"y":-3.338529348373413,"z":12.815869331359864},"rotation":{"x":-0.2406795173883438,"y":-0.043080806732177737,"z":0.010693823918700219,"w":-0.969589114189148},"size":18.436931610107423,"orthographic":false}