{"cameraMode":{"drawMode":0,"name":"Shaded","section":"Shading Mode"},"sceneLighting":false,"audioPlay":false,"sceneViewState":{"showFog":true,"showMaterialUpdate":false,"showSkybox":true,"showFlares":true,"showImageEffects":true,"showParticleSystems":true},"in2DMode":false,"pivot":{"x":27.689807891845704,"y":0.7940452098846436,"z":29.276695251464845},"rotation":{"x":-0.20191200077533723,"y":0.5219665765762329,"z":-0.12873591482639314,"w":-0.8186632990837097},"size":205.9186553955078,"orthographic":false}